id,username,email,role,bio,first_name,last_name
100,bingobongo,bingobongo@yamdb.fake,user,,,q
101,capt_obvious,capt_obvious@yamdb.fake,admin,,,q
102,faust,faust@yamdb.fake,user,,,q
103,reviewer,reviewer@yamdb.fake,user,,,q
104,angry,angry@yamdb.fake,moderator,,,q